Timestamp,STATE,RPM,PIR,CRC,CRC_VALID,IDS_STATUS,THREAT_LEVEL,COMM_STATUS
2026-10-07 12:59:01,RUN,1005,0,142,1,0,3,Connected
2026-10-07 12:59:01,RUN,1012,0,142,1,0,3,Connected
2026-10-07 12:59:02,RUN,1045,0,142,1,0,3,Connected
2026-10-07 12:59:02,RUN,1033,0,142,1,0,3,Connected
2026-10-07 12:59:03,RUN,1029,0,142,1,0,3,Connected
2026-10-07 12:59:03,RUN,1026,0,142,1,0,3,Connected
2026-10-07 12:59:04,RUN,1026,0,142,1,0,3,Connected
2026-10-07 12:59:04,RUN,1033,0,142,1,0,3,Connected
2026-10-07 12:59:05,RUN,1017,0,142,1,0,3,Connected
2026-10-07 12:59:05,RUN,1018,0,142,1,0,3,Connected
2026-10-07 12:59:06,RUN,1017,0,142,1,0,3,Connected
2026-10-07 12:59:06,RUN,1020,0,142,1,0,3,Connected
2026-10-07 12:59:07,RUN,1010,0,142,1,0,3,Connected
2026-10-07 12:59:07,RUN,1048,0,142,1,0,3,Connected
2026-10-07 12:59:08,RUN,1030,0,142,1,0,3,Connected
2026-10-07 12:59:08,RUN,1045,0,142,1,0,3,Connected
2026-10-07 12:59:09,RUN,1046,0,142,1,0,3,Connected
2026-10-07 12:59:09,RUN,1041,0,142,1,0,3,Connected
2026-10-07 12:59:10,RUN,1038,0,142,1,0,3,Connected
2026-10-07 12:59:10,RUN,1032,0,142,1,0,3,Connected
2026-10-07 12:59:11,RUN,1001,0,142,1,0,3,Connected
2026-10-07 12:59:11,RUN,1022,0,142,1,0,3,Connected
2026-10-07 12:59:12,RUN,1019,0,142,1,0,3,Connected
2026-10-07 12:59:12,RUN,1000,0,142,1,0,3,Connected
2026-10-07 12:59:13,RUN,1024,0,142,1,0,3,Connected
2026-10-07 12:59:13,RUN,1020,0,142,1,0,3,Connected
2026-10-07 12:59:14,RUN,1006,0,142,1,0,3,Connected
2026-10-07 12:59:14,RUN,1012,0,142,1,0,3,Connected
2026-10-07 12:59:15,RUN,1028,0,142,1,0,3,Connected
2026-10-07 12:59:15,RUN,1021,0,142,1,0,3,Connected
2026-10-07 12:59:16,RUN,1037,0,142,1,0,3,Connected
2026-10-07 12:59:16,RUN,1030,0,142,1,0,3,Connected
2026-10-07 12:59:17,RUN,1022,0,142,1,0,3,Connected
2026-10-07 12:59:17,RUN,1011,0,142,1,0,3,Connected
2026-10-07 12:59:18,RUN,1002,0,142,1,0,3,Connected
2026-10-07 12:59:18,RUN,1006,0,142,1,0,3,Connected
2026-10-07 12:59:19,RUN,1049,0,142,1,0,3,Connected
2026-10-07 12:59:19,RUN,1027,0,142,1,0,3,Connected
2026-10-07 12:59:20,RUN,1034,0,142,1,0,3,Connected
2026-10-07 12:59:20,RUN,1001,0,142,1,0,3,Connected
2026-10-07 12:59:21,RUN,1033,0,142,1,0,3,Connected
2026-10-07 12:59:21,RUN,1025,0,142,1,0,3,Connected
2026-10-07 12:59:22,RUN,1023,0,142,1,0,3,Connected
2026-10-07 12:59:22,RUN,1019,0,142,1,0,3,Connected
2026-10-07 12:59:23,RUN,1036,0,142,1,0,3,Connected
2026-10-07 12:59:23,RUN,1040,0,142,1,0,3,Connected
2026-10-07 12:59:24,RUN,1015,0,142,1,0,3,Connected
2026-10-07 12:59:24,RUN,1021,0,142,1,0,3,Connected
2026-10-07 12:59:25,RUN,1031,0,142,1,0,3,Connected
2026-10-07 12:59:25,RUN,1003,0,142,1,0,3,Connected
2026-10-07 12:59:26,RUN,1019,0,142,1,0,3,Connected
2026-10-07 12:59:26,RUN,1043,0,142,1,0,3,Connected
2026-10-07 12:59:27,RUN,1041,0,142,1,0,3,Connected
2026-10-07 12:59:27,RUN,1004,0,142,1,0,3,Connected
2026-10-07 12:59:28,RUN,1025,0,142,1,0,3,Connected
2026-10-07 12:59:28,RUN,1034,0,142,1,0,3,Connected
2026-10-07 12:59:29,RUN,1047,0,142,1,0,3,Connected
2026-10-07 12:59:29,RUN,1018,0,142,1,0,3,Connected
2026-10-07 12:59:30,RUN,1003,0,142,1,0,3,Connected
2026-10-07 12:59:30,RUN,1044,0,142,1,0,3,Connected
2026-10-07 12:59:31,RUN,1027,0,142,1,0,3,Connected
2026-10-07 13:00:35,RUN,1011,0,142,1,0,1,Connected
2026-10-07 13:00:35,RUN,1020,0,142,1,0,1,Connected
2026-10-07 13:00:36,RUN,1008,0,142,1,0,1,Connected
2026-10-07 13:00:36,RUN,1030,0,142,1,0,1,Connected
2026-10-07 13:00:37,RUN,1014,0,142,1,0,1,Connected
2026-10-07 13:00:37,RUN,1030,0,142,1,0,1,Connected
2026-10-07 13:00:38,RUN,1023,0,142,1,0,1,Connected
2026-10-07 13:00:38,RUN,1020,0,142,1,0,1,Connected
2026-10-07 13:00:39,RUN,1009,0,142,1,0,1,Connected
2026-10-07 13:00:39,RUN,1044,0,142,1,0,1,Connected
2026-10-07 13:00:40,RUN,1015,0,142,1,0,1,Connected
2026-10-07 13:00:40,RUN,1047,0,142,1,0,1,Connected
2026-10-07 13:00:41,RUN,1025,0,142,1,0,1,Connected
2026-10-07 13:00:41,RUN,1022,0,142,1,0,1,Connected
2026-10-07 13:00:42,RUN,1000,1,142,1,0,2,Connected
2026-10-07 13:00:42,RUN,1000,1,142,1,0,2,Connected
2026-10-07 13:00:43,RUN,1000,1,142,1,0,2,Connected
2026-10-07 13:00:43,RUN,1000,1,142,1,0,2,Connected
2026-10-07 13:00:44,RUN,1000,1,142,1,0,2,Connected
2026-10-07 13:00:44,RUN,1000,1,142,1,1,5,Connected
